page_id,page_url,request_url,request_number,list_id,first_publication_date,index_date,status,category_id,category_name,subject,body,price,price_cents,url,image_url,city,zipcode,department_name,latitude,longitude,owner_name,owner_type,condition,product,shippable,has_option,booster
page_29,https://www.leboncoin.fr/recherche?text=imprimante+3d&locations=Tours_37000__47.38846_0.68957_5000_30000&page=2,https://api.leboncoin.fr/finder/search,5,2762920338,2024-06-30 16:20:53,2024-06-30 16:20:53,active,88,Loisirs créatifs,Imprimante 3D Anet A8 customisée,"Imprimante3D ANet A8 
Alimentation 12v 250W
Carte mère Anet3D V1.5
Double moteur en Z
Ajout de 2 mofset + Support
Courroie en X renforcée avec réglage de tension (une pièce à refaire) voir photo 
Réglage du End-stop en Z
Cage ventilo de l'extrudeur amélioré (permet de retirer le ventilo pour vérifier le passage dans l'extrudeur)
Plateau 220/220mm2 en bonne état ( couvrir avec du scotch haute température pour prolonger la durée de vie du plateau) 
Quelques pièces d'origine et qq unes imprimées
carte mémoire SD 2go avec bibliothèque de fichiers pour amélioration dont la pièces à refaire
Support bobine d'origine
Chemim de câble amovible en Y avec raccord latérale (à l'arrière dans la version d'origine)

Envoi possible dans emballage soigné à la charge de l'acquéreur 
Paiement LBC ou espèces en mains propres 

Voir mes autres annonces pour pièces ou autres modèles",60,6000,https://www.leboncoin.fr/ad/loisirs_creatifs/2762920338,https://img.leboncoin.fr/api/v1/lbcpb1/images/57/36/ee/5736ee043dac0562d46e4beb13e37640aae5fec1.jpg?rule=ad-image,Véretz,37270,Indre-et-Loire,47.36062,0.80523,diyder,private,Bon état,,true,False,False
page_29,https://www.leboncoin.fr/recherche?text=imprimante+3d&locations=Tours_37000__47.38846_0.68957_5000_30000&page=2,https://api.leboncoin.fr/finder/search,5,2853313995,2024-09-25 16:25:30,2024-09-25 16:25:30,active,88,Loisirs créatifs,Imprimante Elegoo Mars 2,"Je la vends car je ne me sers plus d'imprimante 3D depuis quelques mois. 
Elle fonctionne très bien. Aucun souci. Parfait pour de petit projet. 
Fep supplémentaires",25,2500,https://www.leboncoin.fr/ad/loisirs_creatifs/2853313995,https://img.leboncoin.fr/api/v1/lbcpb1/images/35/b6/d9/35b6d939bc22651821a1fab9626f267cfeea88e3.jpg?rule=ad-image,Azay-le-Rideau,37190,Indre-et-Loire,47.26203,0.46513,camille,private,Bon état,,true,True,False
page_29,https://www.leboncoin.fr/recherche?text=imprimante+3d&locations=Tours_37000__47.38846_0.68957_5000_30000&page=2,https://api.leboncoin.fr/finder/search,5,2735253383,2024-06-08 21:06:01,2024-06-08 21:06:01,active,83,Accessoires informatique,Moteur imprimante 3D,Kit officiel d'extrudeuse a entraînement direct kingroom,50,5000,https://www.leboncoin.fr/ad/accessoires_informatique/2735253383,https://img.leboncoin.fr/api/v1/lbcpb1/images/23/d9/b8/23d9b883cdd5212872705a50413613ffe0bc5d12.jpg?rule=ad-image,Montlouis-sur-Loire,37270,Indre-et-Loire,47.3887,0.82718,caldito.dionisio,private,État neuf,Autre,false,False,False
page_29,https://www.leboncoin.fr/recherche?text=imprimante+3d&locations=Tours_37000__47.38846_0.68957_5000_30000&page=2,https://api.leboncoin.fr/finder/search,5,2715105790,2024-05-25 16:49:59,2024-05-25 16:49:59,active,88,Loisirs créatifs,Carte mère imprimante 3D CREALITY,"Faites votre choix 
Carte mère neuve sous blister
Ender5 V1.1.4  20€
Ender5 V4.2.7 25€ épuisée
Ender3 V1.1.4  20€
>> CR10S V.2.2  épuisée
>> CR10S PRO V2.4  épuisée

il va de soit que ces cartes sont compatible avec d'autres modèles que ceux référencés, il suffit juste de télécharger le firmware qui correspond

Regarder mes autres annonces 
Suivez mon profil pour voir en temps réel mes autres annonces à venir

#CM #motherboard #SOVOL #ENDER3 #imprimante3D",1,100,https://www.leboncoin.fr/ad/loisirs_creatifs/2715105790,https://img.leboncoin.fr/api/v1/lbcpb1/images/a3/d1/ee/a3d1eebda02b69f99bf21016a49da8d363558a1d.jpg?rule=ad-image,Véretz,37270,Indre-et-Loire,47.36062,0.80523,diyder,private,État neuf,,true,False,False
page_29,https://www.leboncoin.fr/recherche?text=imprimante+3d&locations=Tours_37000__47.38846_0.68957_5000_30000&page=2,https://api.leboncoin.fr/finder/search,5,2703950990,2024-05-19 11:17:56,2024-05-19 11:17:56,active,83,Accessoires informatique,Imprimante 3D Alfawise,"Peu servie, vendu avec couteaux de finition, 3 bobines, lot d'extrudeurs, pièces pour améliorer la finition.

Pas d'envoi, à venir chercher sur place.",100,10000,https://www.leboncoin.fr/ad/accessoires_informatique/2703950990,https://img.leboncoin.fr/api/v1/lbcpb1/images/68/c8/fd/68c8fd37979f605be2f7e2f4f36fb7c0044ade7b.jpg?rule=ad-image,Montlouis-sur-Loire,37270,Indre-et-Loire,47.3887,0.82718,Ophélie35,private,Bon état,Imprimante & scanner,false,False,False
page_29,https://www.leboncoin.fr/recherche?text=imprimante+3d&locations=Tours_37000__47.38846_0.68957_5000_30000&page=2,https://api.leboncoin.fr/finder/search,5,2749384767,2024-06-19 16:39:48,2024-06-19 16:39:48,active,83,Accessoires informatique,Snapmaker 2.0 - 350 | Impression 3D & Découpe CNC,"Vend imprimante 3D multi-fonctions et modulable en très bon état avec boîtes d'origine.
Valeur neuve totale du lot : 1030€. 
Lot indissociable.
Possibilité de tester l'appareil en venant le chercher sur place.

Snapmaker propose son imprimante multi-fonction dans différents formats. 
Il s'agit ici d'un F350 (Pack d'impression 3D) auquel viennent s'ajouter des modules acquis séparément.

CONTENU :
    • Ensemble de base (Prix neuf: 800€) : 
        - Module d'impression 3D
        - Modules linéaires x5 (Déplacement X, Y, Z)
        - Écran tactile et son support
        - Module d'alimentation
        - Controller (Module pour les branchements) et cables
        - Lit chauffant
        - Plateau d'impression souple et aimanté
        - Ensemble de support pour bobine
        - Guide de démarrage 
        - Boîte à outils contenant spatule, pince, tournevis et cartes de calibration
CONTENU SUPPLÉMENTAIRE : 
    • Extrudeurs/buse (Impression 3D) x3 (Prix neuf: 12€ x 3)
    • Module de découpe CNC (Prix neuf: 81€)
    • Plateau de découpe CNC (Prix neuf: 23€)
    • Tiges CNC x5 (Prix neuf: 20€)
    • Bouton d'arrêt d'urgence (Prix neuf: 70€)

SPÉCIFICATIONS : 
    • Général : 
        - Dimensions (W × D × H): 495 × 506 × 580 mm (Aluminium)
        - WIFI, connexion USB (cable & clef USB)
        - Écran de contrôle tactile
        - 320 W
    • Impression 3D : 
        - Surface d'impression (L × D × H): 320 mm × 350 mm × 325 mm
        - Temperature maximale du plateau : 80℃
        - Épaisseur de couche : 50–300 microns
        - Diamètre de la buse : 0.4 mm
        - Temperature max. de la buse :  275℃
        - Matériaux utilisables : PLA, ABS, PETG, TPU (Duretée ≥ 90 Shore A), PLA bois, et plus…
    • Découpe CNC :
        - Surface de découpe (W × D): 320 mm × 350 mm
        - Diamètre de tige : 0.5 - 6.35 mm
        - Vitesse de rotation : 6 000-12 000 RPM
        - Matériaux utilisables : Bois, acrylique, PCB, Feuilles de fibre de carbone, jade, et plus…

Seul le module CNC n'a pas été acheté sur leur boutique.
D'autres modules sont proposés à la vente en fonction de vos besoins et usages mais ne font pas partie de l'annonce :
    - Découpe et gravure laser 
    - Module CNC rotatif
    - Module impression à double extrudeur
    - etc…",600,60000,https://www.leboncoin.fr/ad/accessoires_informatique/2749384767,https://img.leboncoin.fr/api/v1/lbcpb1/images/5a/31/de/5a31de0ee4532875b9468f9556e3dfde558fd43b.jpg?rule=ad-image,Tours,37000,Indre-et-Loire,47.38846,0.68957,Paul C,private,Très bon état,Autre,false,False,False
page_29,https://www.leboncoin.fr/recherche?text=imprimante+3d&locations=Tours_37000__47.38846_0.68957_5000_30000&page=2,https://api.leboncoin.fr/finder/search,5,2689904019,2024-05-10 11:24:31,2024-05-10 11:24:31,active,83,Accessoires informatique,Creality ender 5 pro (imprimante 3D),"je vends ma creality ender 5 pro en très bon états. le kit de chauffe vient d'être changé  avec les ventilateurs(environ 50 heures). le plateau est en verre  (je vous mets celui d'origine dans le colis). voici quelques caracteristiques:

Marque Creality
Matériau Métal
Couleur Blue
Dimensions du produit 22P x 22l x 30H centimètres
Poids de l'article 11,8 Kilogrammes
Appareils compatibles Smartphone
Format de fichier pris en charge OBJ, STL, AMF

Mise à jour de la carte mère silencieuse V1.1.5: L'imprimante 3D Ender 5 Pro est livrée avec une carte mère silencieuse mise à jour V1.1.5 avec les pilotes TMC2208 pour permettre des performances d'impression plus silencieuses et plus précises.
Kit d'extrudeuse en métal: Ender 5 Pro utilise l'extrudeuse en métal Creality, qui exerce une meilleure pression sur le filament dans la buse, améliorant ainsi l'effet d'impression.
Tube Capricorn Premium XS Bowden: Le tube en PTFE bleu importé en Capricorn Blue avec une résistance à haute température rend l'alimentation plus fluide et assure une excellente structure de pression.
Bloc d'alimentation de marque: Le bloc d'alimentation de marque intégré chauffe le lit chaud à 110 ° C en 5 minutes.
Kits semi-assemblés: Ender 5 Pro est livré avec plusieurs kits partiellement assemblés qui sont très faciles à assembler et vous permettent d'en apprendre davantage sur la construction de base d'une imprimante 3D.",200,20000,https://www.leboncoin.fr/ad/accessoires_informatique/2689904019,https://img.leboncoin.fr/api/v1/lbcpb1/images/ef/8b/2f/ef8b2f93112357300771482f6d455bf888de7ab2.jpg?rule=ad-image,Monnaie,37380,Indre-et-Loire,47.50101,0.78848,Steve,private,Très bon état,Autre,true,False,False
page_29,https://www.leboncoin.fr/recherche?text=imprimante+3d&locations=Tours_37000__47.38846_0.68957_5000_30000&page=2,https://api.leboncoin.fr/finder/search,5,2726616476,2024-06-02 12:57:30,2024-06-02 12:57:30,active,83,Accessoires informatique,Phenom Prime LCD,"Panel replacement
Écran LCD de remplacement pour imprimante 3D Phenom Prime
#Peopoly #Creality
Neuf dans son emballage d'origine
Faire propositions en mp",1,100,https://www.leboncoin.fr/ad/accessoires_informatique/2726616476,https://img.leboncoin.fr/api/v1/lbcpb1/images/93/ff/ba/93ffba5587201e4e5dad9e9753c748514c00664d.jpg?rule=ad-image,Véretz,37270,Indre-et-Loire,47.36062,0.80523,diyder,private,État neuf,Ecran,true,False,False
page_29,https://www.leboncoin.fr/recherche?text=imprimante+3d&locations=Tours_37000__47.38846_0.68957_5000_30000&page=2,https://api.leboncoin.fr/finder/search,5,2726661521,2024-06-02 13:16:07,2024-06-02 13:16:07,active,40,Collection,Plateau en verre sovol3D,"Pour imprimante 3D type SOVOL SV01
Compatible toute marque avec plateau de même taille
Neuf dans son emballage d'origine
taille 255/300mm",25,2500,https://www.leboncoin.fr/ad/collection/2726661521,https://img.leboncoin.fr/api/v1/lbcpb1/images/ac/6e/25/ac6e256cc6f5c7d9403bb86e338a9a941f04be4d.jpg?rule=ad-image,Véretz,37270,Indre-et-Loire,47.36062,0.80523,diyder,private,État neuf,,true,False,False
page_29,https://www.leboncoin.fr/recherche?text=imprimante+3d&locations=Tours_37000__47.38846_0.68957_5000_30000&page=2,https://api.leboncoin.fr/finder/search,5,2666383643,2024-04-26 17:22:38,2024-04-26 17:22:38,active,83,Accessoires informatique,Stylo imprimante 3D sunlu,c'est un stylo d'imprimante 3D de la marque Sunlu sl-300 3D Pen III de couleur noire et blanche vendu avec du fil les deux notices une pince et un pot  pour le tenir .,30,3000,https://www.leboncoin.fr/ad/accessoires_informatique/2666383643,https://img.leboncoin.fr/api/v1/lbcpb1/images/a5/ea/81/a5ea81bc3d953c45e3279afbdde14199cfcb96c1.jpg?rule=ad-image,Sainte-Maure-de-Touraine,37800,Indre-et-Loire,47.10899,0.62259,sasha,private,État neuf,Autre,true,False,False
page_29,https://www.leboncoin.fr/recherche?text=imprimante+3d&locations=Tours_37000__47.38846_0.68957_5000_30000&page=2,https://api.leboncoin.fr/finder/search,5,2706785413,2024-05-20 16:06:32,2024-05-20 16:06:32,active,16,"Photo, audio & vidéo",Focale Optique Lens 4K wide + Macro Rhinoshield,"Objectif Rhinoshield 4K HD Wide + Macro

Vendu avec un adaptateur pour IPhone XR

Possible d’acquérir d’autre adaptateurs avec une imprimante 3D (IPhone Se à 13, Samsung, Huawei etc)

Je ne possède pas d’imprimante 3D, je peux en revanche vous fournir des fichier d’impression 

Jamais utilisé 
Possibilité de régler la focale 

Disponible en livraison ou Main propre dep37",20,2000,https://www.leboncoin.fr/ad/photo_audio_video/2706785413,https://img.leboncoin.fr/api/v1/lbcpb1/images/ce/73/47/ce734747691ec2e821521fe287e5bbb8ed340d05.jpg?rule=ad-image,Tours,37000,Indre-et-Loire,47.38846,0.68957,Alexandre.K,private,Très bon état,,true,False,False
page_29,https://www.leboncoin.fr/recherche?text=imprimante+3d&locations=Tours_37000__47.38846_0.68957_5000_30000&page=2,https://api.leboncoin.fr/finder/search,5,2587182392,2024-05-08 20:30:07,2024-05-08 20:30:07,active,83,Accessoires informatique,Plateau chauffant Ender 3,"Vend plateau chauffant pour imprimante 3D de type Ender 3.
Fonctionne très bien.",5,500,https://www.leboncoin.fr/ad/accessoires_informatique/2587182392,https://img.leboncoin.fr/api/v1/lbcpb1/images/64/8b/67/648b6795b8ff6b80229c1656b6d7ce136c7a333b.jpg?rule=ad-image,Tours,37000,Indre-et-Loire,47.38846,0.68957,Martin,private,Très bon état,,true,False,False
page_29,https://www.leboncoin.fr/recherche?text=imprimante+3d&locations=Tours_37000__47.38846_0.68957_5000_30000&page=2,https://api.leboncoin.fr/finder/search,5,2607198680,2024-03-21 18:36:29,2024-03-21 18:36:29,active,88,Loisirs créatifs,Imprimante 3D ender creality 5 pro,Bonjour je vend mon imprimante 3D très bonne état très peu utilisé à venir chercher sur place prix négociable,400,40000,https://www.leboncoin.fr/ad/loisirs_creatifs/2607198680,https://img.leboncoin.fr/api/v1/lbcpb1/images/ec/39/d2/ec39d297129b2dd1fc9a2b300f2e178d14f78793.jpg?rule=ad-image,Chanceaux-près-Loches,37600,Indre-et-Loire,47.14581,0.93988,Pauline s.,private,État neuf,,false,False,False
page_29,https://www.leboncoin.fr/recherche?text=imprimante+3d&locations=Tours_37000__47.38846_0.68957_5000_30000&page=2,https://api.leboncoin.fr/finder/search,5,2487405647,2024-02-01 16:21:20,2024-02-01 16:21:20,active,88,Loisirs créatifs,Imprimante 3D D12 230 dual + 3D Touch,"D12 230 dual + 3D Touch neuve 
Acheté chez Wanhao France mi décembre 2023
Négociation possible dans la limite du raisonnable
Remis en main propre seulement",170,17000,https://www.leboncoin.fr/ad/loisirs_creatifs/2487405647,https://img.leboncoin.fr/api/v1/lbcpb1/images/f1/5a/6e/f15a6e3e57f4d66de577a0acafa8290316897a40.jpg?rule=ad-image,Tours,37000,Indre-et-Loire,47.38846,0.68957,Coyote,private,État neuf,,false,False,False
page_29,https://www.leboncoin.fr/recherche?text=imprimante+3d&locations=Tours_37000__47.38846_0.68957_5000_30000&page=2,https://api.leboncoin.fr/finder/search,5,2463925659,2023-12-16 12:03:35,2023-12-16 12:03:35,active,88,Loisirs créatifs,Imprimante 3d creality cr10 v2,"Imprimante 3d cr10 v2 

30x30x45  300w 
Parfaite état 
Avec outil et filament 

Envois compliquer ou démonter",190,19000,https://www.leboncoin.fr/ad/loisirs_creatifs/2463925659,https://img.leboncoin.fr/api/v1/lbcpb1/images/02/9d/fa/029dfa5a79f244daea02370a403c41975fc5957c.jpg?rule=ad-image,Saint-Cyr-sur-Loire,37540,Indre-et-Loire,47.40004,0.66617,lerebel60,private,Très bon état,,true,False,False
page_29,https://www.leboncoin.fr/recherche?text=imprimante+3d&locations=Tours_37000__47.38846_0.68957_5000_30000&page=2,https://api.leboncoin.fr/finder/search,5,2432335655,2023-10-23 18:24:03,2023-10-23 18:24:03,active,83,Accessoires informatique,Imprimante 3d flsun SR,Très bon état,230,23000,https://www.leboncoin.fr/ad/accessoires_informatique/2432335655,https://img.leboncoin.fr/api/v1/lbcpb1/images/9d/2e/85/9d2e859de88554014d2583e270abdf46af8efbdd.jpg?rule=ad-image,Tours,37000,Indre-et-Loire,47.38846,0.68957,Istenz,private,État neuf,Imprimante & scanner,true,False,False
page_29,https://www.leboncoin.fr/recherche?text=imprimante+3d&locations=Tours_37000__47.38846_0.68957_5000_30000&page=2,https://api.leboncoin.fr/finder/search,5,2422845638,2023-10-06 17:28:42,2023-10-06 17:28:42,active,83,Accessoires informatique,Imprimante 3D,"Imprimante 3D Alphawise u30
Tête d'impression a été upgradée en impression directe

Buse de 4mm

En état de fonctionnement
Vend car passer sur modèle plus récent.",100,10000,https://www.leboncoin.fr/ad/accessoires_informatique/2422845638,https://img.leboncoin.fr/api/v1/lbcpb1/images/eb/32/72/eb327256f7e4d1d4f40c06dd2cf9ed50e63f87f7.jpg?rule=ad-image,Notre-Dame-d'Oé,37390,Indre-et-Loire,47.4622,0.70537,drow37,private,Bon état,,false,False,False
page_29,https://www.leboncoin.fr/recherche?text=imprimante+3d&locations=Tours_37000__47.38846_0.68957_5000_30000&page=2,https://api.leboncoin.fr/finder/search,5,2427112449,2023-10-14 16:12:58,2023-10-14 16:12:58,active,15,Ordinateurs,Silent bloc nema 17,Vend lot de 3 silent bloc pour moteur pas à pas d'ender 3... Peut convenir à tout les moteur nema 17 d'imprimante 3d,5,500,https://www.leboncoin.fr/ad/ordinateurs/2427112449,https://img.leboncoin.fr/api/v1/lbcpb1/images/c4/8a/8c/c48a8ce18fb96a605d06cd0892f0adb64e171b63.jpg?rule=ad-image,Montlouis-sur-Loire,37270,Indre-et-Loire,47.3887,0.82718,Adrien,private,Bon état,,true,False,False
page_29,https://www.leboncoin.fr/recherche?text=imprimante+3d&locations=Tours_37000__47.38846_0.68957_5000_30000&page=2,https://api.leboncoin.fr/finder/search,5,2418657340,2023-09-28 16:22:07,2023-09-28 16:22:07,active,83,Accessoires informatique,"Sovol sv06 imprimante 3d automatique, très simple d'utilisation","Bonjour, 
Je vends une imprimante 3d Sovol SV06.
Belle opportunité avec Hotend tout métal, permettant d'atteindre des températures élevées pour les différents matériaux.
Extruder avec dispositif de démultiplication, qui améliore la précision et la qualité.
Capteur de nivellement du lit par palpeur électromagnétique.
Plateau en PEI neuf.
Carte mère 32bits, peut accepter la version 2.0 de Marlin.
Double axe Z.
Reprise d'une impression en cours si il y a interruption.

Volume d'impression 220x220x250 mm.

Les axes font leurs recherches de fin de course automatiquement, 
Machine très simple d'utilisation, il faut être rigoureux sur le réglage du Z comme toute imprimante 3d.
Si vous avez des questions, n'hésitez pas à demander.

A vendre 170e avec 1kg de pla blanc neuf",170,17000,https://www.leboncoin.fr/ad/accessoires_informatique/2418657340,https://img.leboncoin.fr/api/v1/lbcpb1/images/b4/48/a3/b448a3762f1401235b774ea75530cf7605c9b145.jpg?rule=ad-image,Azay-sur-Cher,37270,Indre-et-Loire,47.34787,0.84292,Alex037,private,Très bon état,Autre,true,False,False
page_29,https://www.leboncoin.fr/recherche?text=imprimante+3d&locations=Tours_37000__47.38846_0.68957_5000_30000&page=2,https://api.leboncoin.fr/finder/search,5,2409062053,2023-09-10 18:52:33,2023-09-10 18:52:33,active,83,Accessoires informatique,Imprimante 3D,Imprimante 3D de marque Ender. Vendue avec 10 bobines de fil bleu et blanc. Pas de livraison.,150,15000,https://www.leboncoin.fr/ad/accessoires_informatique/2409062053,https://img.leboncoin.fr/api/v1/lbcpb1/images/ab/d0/5a/abd05aedb524953e88f45e65be7ea29a1cf5f17c.jpg?rule=ad-image,Tours,37000,Indre-et-Loire,47.38846,0.68957,Carole,private,Très bon état,,false,False,False
page_29,https://www.leboncoin.fr/recherche?text=imprimante+3d&locations=Tours_37000__47.38846_0.68957_5000_30000&page=2,https://api.leboncoin.fr/finder/search,5,2408673276,2023-09-10 12:05:22,2023-09-10 12:05:22,active,83,Accessoires informatique,Imprimante 3d Creality ender 3 Max,"Bonjour, je me sépare de ma Creality ender 3 Max.
Elle fonctionne parfaitement, quelques traces d'utilisation bien sûr.
Grand plateau en verre, silencieuse et performante.
Idéal pour débuter comme pour un usage avancé.

Livraison possible",110,11000,https://www.leboncoin.fr/ad/accessoires_informatique/2408673276,https://img.leboncoin.fr/api/v1/lbcpb1/images/7a/4b/7c/7a4b7c307f1417e5cab90a3c560316cf8b110894.jpg?rule=ad-image,Tours,37000,Indre-et-Loire,47.38846,0.68957,Particulier-Info37,private,Bon état,Imprimante & scanner,true,False,False
page_29,https://www.leboncoin.fr/recherche?text=imprimante+3d&locations=Tours_37000__47.38846_0.68957_5000_30000&page=2,https://api.leboncoin.fr/finder/search,5,2367111207,2023-06-19 17:40:20,2023-08-04 20:37:45,active,83,Accessoires informatique,Imprimante 3d ender,"Guide d'utilisation,sache d'outils ,boitier électrique neuf, Fil de commande Neuf,négociation bon marché",120,12000,https://www.leboncoin.fr/ad/accessoires_informatique/2367111207,https://img.leboncoin.fr/api/v1/lbcpb1/images/bd/46/a8/bd46a80988a62b38e84e758e9d5482c131b38e61.jpg?rule=ad-image,Tours,37000,Indre-et-Loire,47.38143,0.68894,Veve,private,Très bon état,Imprimante & scanner,true,False,False
page_29,https://www.leboncoin.fr/recherche?text=imprimante+3d&locations=Tours_37000__47.38846_0.68957_5000_30000&page=2,https://api.leboncoin.fr/finder/search,5,2388802148,2023-08-02 21:33:33,2023-08-02 21:33:33,active,83,Accessoires informatique,Imprimante 3D,"Imprimante 3D vendu avec deux bobines de filaments neuf presque jamais servi

170€
négociable dans la limite du raisonnable",110,11000,https://www.leboncoin.fr/ad/accessoires_informatique/2388802148,https://img.leboncoin.fr/api/v1/lbcpb1/images/d3/2a/f2/d32af2de9c5fe878de5e18a4f05791917f91fbac.jpg?rule=ad-image,Monnaie,37380,Indre-et-Loire,47.50101,0.78848,Mathis Terriot,private,État neuf,,true,False,False
page_29,https://www.leboncoin.fr/recherche?text=imprimante+3d&locations=Tours_37000__47.38846_0.68957_5000_30000&page=2,https://api.leboncoin.fr/finder/search,5,2384096741,2023-07-24 16:32:01,2023-07-24 16:32:01,active,83,Accessoires informatique,Imprimante 3D ( Prix Négociable ),"Imprimante 3D Da Vinci Mini W en excellent état avec bobine de fil neuve incluse !

Description :

Bonjour à tous !

Je mets en vente mon  imprimante 3D Da Vinci Mini W, en excellent état, qui vous permettra de donner vie à toutes vos idées créatives. Si vous cherchez une imprimante fiable et simple d'utilisation, ne cherchez pas plus loin !

Caractéristiques principales :
- État : Très bon
- Modèle : Da Vinci Mini W
- Facilité d'utilisation : Parfait pour les débutants et les passionnés d'impression 3D
- Qualité d'impression : Impression de haute qualité avec une résolution précise
- Inclus : Une bobine de fil neuve pour que vous puissiez commencer à imprimer dès que vous l'aurez chez vous !
-Prix neuf : 299.99 Euros

Cette imprimante 3D est parfaite pour réaliser toutes sortes de projets, que ce soit des objets décoratifs, des accessoires pratiques, ou même des prototypes de vos inventions. Elle est conçue pour vous offrir une expérience d'impression fluide.

De plus, je vous laisse avec un film PEI déjà installé, qui est toujours en état de fonctionnement. Cependant, si vous souhaitez renouveler le film plus tard, cela peut être fait facilement et à moindre coût.

Ne manquez pas cette opportunité de posséder une imprimante 3D de qualité à un prix très attractif. Vous pourrez donner vie à vos créations les plus ambitieuses !

N'hésitez pas à me contacter pour toute question ou si vous souhaitez plus de photos. 

Prix : 180 E Négociable
Lieu de vente : Tours et sa périphérie",100,10000,https://www.leboncoin.fr/ad/accessoires_informatique/2384096741,https://img.leboncoin.fr/api/v1/lbcpb1/images/35/fb/7c/35fb7c01320cbed489b3be154c77753b13a3e2df.jpg?rule=ad-image,Tours,37000,Indre-et-Loire,47.38846,0.68957,Quentin,private,,,true,False,False
page_29,https://www.leboncoin.fr/recherche?text=imprimante+3d&locations=Tours_37000__47.38846_0.68957_5000_30000&page=2,https://api.leboncoin.fr/finder/search,5,2378102718,2023-07-12 13:13:19,2023-07-12 13:13:19,active,83,Accessoires informatique,Imprimante 3D Couleur XYZ Printing da Vinci Series,"Vends Imprimante 3D Couleur XYZ Printing da Vinci Series comme neuf trés peu servi, à venir chercher sur place...",1600,160000,https://www.leboncoin.fr/ad/accessoires_informatique/2378102718,https://img.leboncoin.fr/api/v1/lbcpb1/images/1e/94/10/1e94101d6ad2ef195c5b27ebc4d22b8642e7afcd.jpg?rule=ad-image,Villedômer,37110,Indre-et-Loire,47.54553,0.88939,seb37,private,État neuf,,false,False,False
page_29,https://www.leboncoin.fr/recherche?text=imprimante+3d&locations=Tours_37000__47.38846_0.68957_5000_30000&page=2,https://api.leboncoin.fr/finder/search,5,2310276721,2023-03-04 15:49:09,2023-03-04 15:49:09,active,83,Accessoires informatique,Encre imprimante 3D,Reçue par erreur par le fournisseur. Je ne sais même pas ce que c’est … 3D printing sensitive résine / couleur: light beige / 1kg,30,3000,https://www.leboncoin.fr/ad/accessoires_informatique/2310276721,https://img.leboncoin.fr/api/v1/lbcpb1/images/08/f9/bc/08f9bc99c65b6f6d816c5f66e9d2052f24c1b4c0.jpg?rule=ad-image,Esvres,37320,Indre-et-Loire,47.28931,0.7888,radi,private,État neuf,,true,False,False
page_29,https://www.leboncoin.fr/recherche?text=imprimante+3d&locations=Tours_37000__47.38846_0.68957_5000_30000&page=2,https://api.leboncoin.fr/finder/search,5,2306882592,2023-02-26 08:23:04,2023-02-26 08:23:04,active,21,Bricolage,Imprimante 3D Creality CR5-Pro H,"Imprimante 3D Creality CR 5 Pro pour la fabrication industrielle : machine de professionnel à prix très abordable !
Technologie FDM (Fused Deposition Modeling)
Dimensions de la machine 530 x 487 x 612 mm
Poids de la Machine 32.5 kg
Filaments Imprimables PLA / ABS
Volume d'impression 300 mm x 225 mm x 280 mm
Épaisseur de couches 0.1 - 0.3 mm
Température buse ≤300 °C
Diamètre du filament 1.75 mm
Lit d'impression Chauffant ≤100 °C
Écran Écran tactile 4.3"" couleur",799,79900,https://www.leboncoin.fr/ad/bricolage/2306882592,https://img.leboncoin.fr/api/v1/lbcpb1/images/52/30/0f/52300f37d06f128150dcfb0c837dfde4c34ac4fa.jpg?rule=ad-image,Azay-le-Rideau,37190,Indre-et-Loire,47.26203,0.46513,Xavier,private,Très bon état,,true,False,False
page_29,https://www.leboncoin.fr/recherche?text=imprimante+3d&locations=Tours_37000__47.38846_0.68957_5000_30000&page=2,https://api.leboncoin.fr/finder/search,5,2255246758,2022-11-16 20:55:12,2022-11-16 20:55:12,active,15,Ordinateurs,Bobine filament,"Bobine filament pour imprimante 3D, fibre de verre HSHT. Jamais ouvert car erreur d’achat. 50cm3",40,4000,https://www.leboncoin.fr/ad/ordinateurs/2255246758,https://img.leboncoin.fr/api/v1/lbcpb1/images/5e/b7/6c/5eb76c3c7cd09494ddbfeffeb6f625a18491ad08.jpg?rule=ad-image,Chambray-lès-Tours,37170,Indre-et-Loire,47.33888,0.71326,Damien Durand,private,État neuf,,true,False,False
page_29,https://www.leboncoin.fr/recherche?text=imprimante+3d&locations=Tours_37000__47.38846_0.68957_5000_30000&page=2,https://api.leboncoin.fr/finder/search,5,2255245267,2022-11-16 20:51:05,2022-11-16 20:51:05,active,83,Accessoires informatique,Bobine Imprimante 3D,"Bobine de filaments pour imprimante 3D, en fibre de carbone. Jamais ouvert car erreur d’achat. 50cm3",30,3000,https://www.leboncoin.fr/ad/accessoires_informatique/2255245267,https://img.leboncoin.fr/api/v1/lbcpb1/images/e6/54/2e/e6542e32fc2b6f8f8990e1437a90886253e83b4e.jpg?rule=ad-image,Chambray-lès-Tours,37170,Indre-et-Loire,47.33888,0.71326,Damien Durand,private,État neuf,,true,False,False
page_29,https://www.leboncoin.fr/recherche?text=imprimante+3d&locations=Tours_37000__47.38846_0.68957_5000_30000&page=2,https://api.leboncoin.fr/finder/search,5,2200913367,2022-08-05 18:22:34,2022-08-05 18:22:34,active,83,Accessoires informatique,Imprimante 3D Phrozen Shuffle 4K,"Imprimante 3D Phrozen Shuffle 4K

Machine weight: 12 Kg
Printing size: 12 * 6.8 * 17  cm
XY resolution: 31 µm
Z resolution: 10 µm
Printing speed: 35 mm per hour

N’a servi qu’une vingtaine d’heure.

Vendu avec une machine à UV (NailStar) pour polymériser les créations.

Le tout est vendu dans leur emballage d’origine.

Des traces de colle sont visibles sur la machine à UV (Cf. Photos).",350,35000,https://www.leboncoin.fr/ad/accessoires_informatique/2200913367,https://img.leboncoin.fr/api/v1/lbcpb1/images/a1/85/85/a18585c77119b931d27993b626236286ecdc823f.jpg?rule=ad-image,Tours,37000,Indre-et-Loire,47.38846,0.68957,Lightanon,private,Bon état,,true,False,False
page_29,https://www.leboncoin.fr/recherche?text=imprimante+3d&locations=Tours_37000__47.38846_0.68957_5000_30000&page=2,https://api.leboncoin.fr/finder/search,5,2149755355,2022-04-19 16:08:40,2022-06-13 18:33:20,active,47,Accessoires & Bagagerie,Pepite,"porte clé pièce unique fabrique grâce à une imprimante 3D,matiere plastique très léger à customiser.",5,500,https://www.leboncoin.fr/ad/accessoires_bagagerie/2149755355,https://img.leboncoin.fr/api/v1/lbcpb1/images/08/1c/8e/081c8e73ff0f7ac8003826152f9876b7aa7d64cd.jpg?rule=ad-image,Amboise,37400,Indre-et-Loire,47.41285,0.98255,pepite,private,Neuf sans étiquette,,true,False,False
page_29,https://www.leboncoin.fr/recherche?text=imprimante+3d&locations=Tours_37000__47.38846_0.68957_5000_30000&page=2,https://api.leboncoin.fr/finder/search,5,1988692580,2021-05-25 15:37:21,2021-07-24 17:25:08,active,29,Sport & Plein air,Capteur de nivellement BLtouch pour imprimante 3d,"Bonjour, je vends un capteur de nivellement du plateau pour imprimante 3d neuf.

Il s'agit du 3dTouch, clone du BLtouch mais n'a aucune différence avec celui-ci.

Il devait être installé sur une ender 3 et ça ne s'est pas fait. Vendu avec un support (possibilité d'en imprimer un autre si besoin).

Possibilité de l'installer avec son firmware pour vous.

Remise en main propre ou envoi mondial relay.",25,2500,https://www.leboncoin.fr/ad/sport_plein_air/1988692580,https://img.leboncoin.fr/api/v1/lbcpb1/images/cc/69/23/cc69239c756ec4add5fb903c3216bd6f61fa157f.jpg?rule=ad-image,Tours,37200,Indre-et-Loire,47.3621,0.70065,mikoto,private,État neuf,,true,False,False
